{
  "fold_metrics": [
    {
      "fold": 2,
      "roc_auc": NaN,
      "pr_auc": 0.0,
      "precision": 0.0,
      "recall": 0.0,
      "f1_score": 0.0,
      "f2_score": 0.0,
      "confusion_matrix": [
        [
          2046,
          144
        ],
        [
          0,
          0
        ]
      ]
    },
    {
      "fold": 3,
      "roc_auc": 0.9454365079365079,
      "pr_auc": 0.03340538317318503,
      "precision": 0.0,
      "recall": 0.0,
      "f1_score": 0.0,
      "f2_score": 0.0,
      "confusion_matrix": [
        [
          2184,
          0
        ],
        [
          6,
          0
        ]
      ]
    },
    {
      "fold": 4,
      "roc_auc": 0.9613089414987281,
      "pr_auc": 0.3787974542230109,
      "precision": 0.75,
      "recall": 0.07894736842105263,
      "f1_score": 0.14285714285714285,
      "f2_score": 0.09615384615384616,
      "confusion_matrix": [
        [
          2151,
          1
        ],
        [
          35,
          3
        ]
      ]
    },
    {
      "fold": 5,
      "roc_auc": 0.9519065003549335,
      "pr_auc": 0.5619071134331988,
      "precision": 0.47305389221556887,
      "recall": 0.6929824561403509,
      "f1_score": 0.5622775800711743,
      "f2_score": 0.6340288924558587,
      "confusion_matrix": [
        [
          1988,
          88
        ],
        [
          35,
          79
        ]
      ]
    }
  ],
  "average_metrics": {
    "roc_auc": NaN,
    "pr_auc": 0.24352748770734867,
    "precision": 0.30576347305389223,
    "recall": 0.1929824561403509,
    "f1_score": 0.17628368073207928,
    "f2_score": 0.1825456846524262
  }
}